<?xml version="1.0" encoding="UTF-8"?>
<rss version="2.0" xmlns:ror="http://rorweb.com/0.1/" >
<channel>
  <title>ROR Sitemap for https://www.spr-izzy-pro.com/</title>
  <link>https://www.spr-izzy-pro.com/</link>

<item>
     <link>https://www.spr-izzy-pro.com/</link>
     <title>💠SprizzyPro | Elevate Your Brand Today</title>
     <description>Discover innovative YouTube advertising strategies to elevate your brand 
and engage audiences. Schedule a consultation with SprizzyPro today.</description>
     <ror:updatePeriod></ror:updatePeriod>
     <ror:sortOrder>0</ror:sortOrder>
     <ror:resourceOf>sitemap</ror:resourceOf>
</item>
<item>
     <link>https://www.spr-izzy-pro.com/about</link>
     <title>About | Unlock Your YouTube Potential &amp;mdash; Get Started Today &amp;mdash; 💠SprizzyPro</title>
     <description>Learn about SprizzyPro's data-driven YouTube growth strategies, content 
optimization, and investment opportunities to boost your channels and 
income.</description>
     <ror:updatePeriod></ror:updatePeriod>
     <ror:sortOrder>1</ror:sortOrder>
     <ror:resourceOf>sitemap</ror:resourceOf>
</item>
<item>
     <link>https://www.spr-izzy-pro.com/contact</link>
     <title>Contact | Get in Touch Today &amp;mdash; 💠SprizzyPro</title>
     <description>Contact SprizzyPro for YouTube promotion services. Reach out via email or 
phone to learn more or get assistance today.</description>
     <ror:updatePeriod></ror:updatePeriod>
     <ror:sortOrder>1</ror:sortOrder>
     <ror:resourceOf>sitemap</ror:resourceOf>
</item>
</channel>
</rss>
  